project_id	publication_id	project_number	publication_number	title	description	publication_date	publication_type	project_type	project_subtype	contracting_authority	canton	city	postal_code	country	submission_deadline	process_type	lots_type	estimated_amount	estimated_currency	award_decision_date	number_of_submissions	cpv_code	additional_cpv_codes	bkp_codes	ebkph_codes	ebkpt_codes	npk_codes	order_type	construction_type	construction_category	creation_language	interessant_vorhersage	interessant_wahrscheinlichkeit	combined_relevance_score
68408cb9-7cbb-42a3-bee6-8b795e0aeab1	34705cd1-60ce-46be-9600-e2bd10962dc5	23155	23155-01	EPM Binningen - BKP 211 Baumeisterarbeiten	Baumeisterarbeiten, Neubau eines Schulhauses, Umbau eines Bestandsbau, Arbeit in mehreren EtappenWährend der gesamten Bauzeit bleibt der Schulbetrieb in vollem Umfang erhalten.	2025-10-27	tender	tender	construction	Bauabteilung Binningen	BL	Binningen	4102	CH	2025-12-08T16:00:00+01:00	open	without					{'code': '45210000', 'label': {'de': 'Bauleistungen im Hochbau', 'en': 'Building construction work', 'fr': 'Travaux de construction de bâtiments', 'it': 'Lavori generali di costruzione di edifici'}}	[{'code': '45214200', 'label': {'de': 'Bauarbeiten für Schulgebäude', 'en': 'Construction work for school buildings', 'fr': 'Travaux de construction de bâtiments scolaires', 'it': 'Lavori di costruzione di edifici scolastici'}}]	"[{'code': '211', 'label': {'de': 'Baumeisterarbeiten', 'en': ""Builder's work"", 'fr': ""Travaux de l'entreprise de maçonnerie"", 'it': 'Opere da impresario costruttore'}}]"				construction	execution	structural_engineering	de	1	0.813110000920623	0.0
964a6d2d-5852-41c1-b3c2-a952e5e25d13	fb07efda-9bda-4c7b-9205-8cba33eb0236	23386	23386-01	Schulcampus Dorf - BKP 281.0 Unterlagsböden, Hartbeton-/ Fugenlose Bodenbeläge	Beim vorliegenden Projekt handelt es sich um die Erweiterung des Schulcampus Dorf, Binnigen (SCD).Vom Untergeschoss bis und mit Bodenplatte Erdgeschoss wird der Rohbau als klassische Stützen- Plattenkonstruktion in Stahlbeton ausgeführt. Die Geschossen Erdgeschoss bis 2. Obergeschoss werden aus einer Holzbau-Konstruktion mit einer Holz-Beton-Verbunddecke gefertigt. Das Gebäude wird als Schulhaus genutzt.Diese Ausschreibung enthält folgende Arbeiten / Bauteile:Lieferung und Montagen von Unterlagsböden, Harbtebonbelägen, Kunstharzbeläge, Markierungen	2025-09-16	tender	tender	construction	ARGE GP SCD - c/o Rapp AG	BL	Binningen	4102	CH	2025-10-29T16:00:00+01:00	open	without					{'code': '45210000', 'label': {'de': 'Bauleistungen im Hochbau', 'en': 'Building construction work', 'fr': 'Travaux de construction de bâtiments', 'it': 'Lavori generali di costruzione di edifici'}}		[{'code': '281', 'label': {'de': 'Bodenbeläge', 'en': 'Floor coverings', 'fr': 'Revêtement de sol', 'it': 'Pavimenti'}}]			[{'code': '286', 'label': {'de': 'Markierung auf Verkehrsflächen', 'en': 'Markings for traffic areas', 'fr': 'Marquages', 'it': 'Segnaletica stradale: Demarcazioni'}}, {'code': '661', 'label': {'de': 'Estriche schwimmend oder im Verbund', 'en': 'Floating and bonded screeds', 'fr': 'Chapes flottantes, chapes adhérentes', 'it': 'Massetti'}}, {'code': '662', 'label': {'de': 'Bodenbeläge aus Zement, Magnesia, Kunstharz und Bitumen', 'en': 'Cementitious, magnesium oxychloride (magnesite), synthetic resin and bitumen flooring', 'fr': 'Revêtements de sols: ciment, magnésie, résine et bitume', 'it': 'Pavimenti di cemento, magnesia, resina sintetica e bitume'}}]	construction	execution	structural_engineering	de	1	0.8080033708524481	0.0
205ed7e1-1c7d-4f65-9a79-1b445a71d428	dd50dd83-13df-4ea7-896a-d4e956da1d36	24362	24362-01	EPM Binningen - BKP 244 Lüftungsanlagen	Ausführung von 244 Lüftungsanlagen: Neubau Schulhaus mit haustechnischen Anlagen. Anpassungsarbeiten im Bereich Bestandsbau.	2025-10-17	tender	tender	construction	Bauabteilung Binningen	BL	Binningen	4102	CH	2025-11-27T16:00:00+01:00	open	without					"{'code': '45311000', 'label': {'de': 'Installation von Elektroanlagen', 'en': 'Electrical wiring and fitting work', 'fr': ""Travaux de câblage et d'installations électriques"", 'it': 'Lavori di cablaggio e di connessione elettrici'}}"		"[{'code': '244', 'label': {'de': 'Lufttechnische Anlagen', 'en': 'Ventilation and air-conditioning installations', 'fr': ""Installations de ventilation et de conditionnement d'air"", 'it': 'Impianti di ventilazione'}}]"				construction	execution	structural_engineering	de	1	0.7774447735253134	0.0
f05138b7-0a97-4e9a-aa89-75fc8b5fe46e	92e5f4cb-2ec3-4a61-8698-553a89db5ef2	27011	27011-01	Schulcampus Dorf - BKP 281.1 Fugenlose Bodenbeläge - Sporthallenbelag	Beim vorliegenden Projekt handelt es sich um die Erweiterung des Schulcampus Dorf, Binnigen (SCD).Vom Untergeschoss bis und mit Bodenplatte Erdgeschoss wird der Rohbau als klassische Stützen- Plattenkonstruktion in Stahlbeton ausgeführt. Die Geschossen Erdgeschoss bis 2. Obergeschoss werden aus einer Holzbau-Konstruktion mit einer Holz-Beton-Verbunddecke gefertigt. Das Gebäude wird als Schulhaus genutzt.Diese Ausschreibung enthält folgende Arbeiten / Bauteile:Lieferung und Montagen von kombielastischen Sportbelägen, inkl. MarkierungenLieferung und Montagen von Dämmung und Unterbau	2025-11-17	tender	tender	construction	ARGE GP SCD - c/o Rapp AG	BL	Binningen	4102	CH	2026-01-09T14:00:00+01:00	open	without					{'code': '45210000', 'label': {'de': 'Bauleistungen im Hochbau', 'en': 'Building construction work', 'fr': 'Travaux de construction de bâtiments', 'it': 'Lavori generali di costruzione di edifici'}}		[{'code': '281.2', 'label': {'de': 'Bodenbeläge aus Kunststoffen, Textilien und dgl.', 'en': 'Synthetic and textile floor coverings and the like', 'fr': 'Revêtements de sol en matières synthétiques, textiles, etc.', 'it': 'Pavimenti in materiale sintetico, tessile e simili'}}]			"[{'code': '187', 'label': {'de': 'Sportbeläge für Freianlagen und Hallen', 'en': 'Sports coverings for indoor and outdoor facilities', 'fr': ""Revêtements sportifs d'installations en plein air, en salle"", 'it': ""Pavimenti sportivi all'aperto e all'interno""}}, {'code': '661', 'label': {'de': 'Estriche schwimmend oder im Verbund', 'en': 'Floating and bonded screeds', 'fr': 'Chapes flottantes, chapes adhérentes', 'it': 'Massetti'}}]"	construction	execution	structural_engineering	de	1	0.7727080517998999	0.0
e40301ad-4b37-4302-9507-e9349a28428c	e24b0199-e593-4b70-bb67-e49a07d498cd	23149	23149-01	EPM Binningen - BKP 250 Sanitäranlagen	Ausführung von 250 Sanitäranlagen: Neubau Schulhaus mit haustechnischen Anlagen. Anpassungsarbeiten im Bereich Bestandsbau.	2025-10-17	tender	tender	construction	Bauabteilung Binningen	BL	Binningen	4102	CH	2025-11-27T16:00:00+01:00	open	without					"{'code': '45332400', 'label': {'de': 'Installation von Sanitäreinrichtungen', 'en': 'Sanitary fixture installation work', 'fr': ""Travaux d'installation d'appareils sanitaires"", 'it': 'Lavori di installazione di apparecchiature idrosanitarie'}}"		[{'code': '25', 'label': {'de': 'Sanitäranlagen', 'en': 'Sanitary installations', 'fr': 'Installations sanitaires', 'it': 'Impianti sanitari'}}]				construction	execution	structural_engineering	de	1	0.7634314935317716	0.0
93e7d90d-a517-45f8-871b-5f99e33357f2	6e0d849a-f03e-4895-84a7-101742fc4f1c	26463	26463-01	Rückbau FGV Hagnau, BKP 112 Abbrucharbeiten	Der Bearbeitungsperimeter des Familiengartenareals „FGV Hagnau“ umfasst rund 78 Gartenparzellen auf einer Fläche von 18‘000 m2.&nbsp;Die Stadtgärtnerei der Stadt Basel unterhält die Parzelle seit vielen Jahren. Diese wiederum verpachtet die einzelnen Gartenparzellen an die Gartenpächter weiter.&nbsp;Während der jahrzehntelangen Nutzung der Gärten wurden grosse Mengen von Material (Beton, Holz, Eternit, Plastik, Ziegel etc.) eingesetzt und umgeschlagen. Teils wurde das Material für den Bau der Gartenhäuser eingesetzt und für die Gestaltung der Umgebung (Gärten). Des Weiteren gelangten, aufgrund der früheren Verwendung von Asche als Dünger und Kehrichtkompost sowie schwermetallhaltigen Pflanzenschutzmitteln, gewisse Schadstoffe wie Blei, Cadmium, Kupfer, Zink und PAK in den Boden.&nbsp;In einer Voruntersuchung konnte festgestellt werden, dass viele Bauteile der Gartenhäuser und mehrheitlich alle Bodenproben einer mehr oder weniger starken Belastung ausgesetzt sind.	2025-11-07	tender	tender	construction	Bau- und Verkehrsdepartement des Kantons Basel-Stadt, Kantonale Fachstelle für öffentliche Beschaffungen (KFöB)	BL	Birsfelden	4127	CH	2025-12-02T12:00:00+01:00	open	without					{'code': '45200000', 'label': {'de': 'Komplett- oder Teilbauleistungen im Hochbau sowie Tiefbauarbeiten', 'en': 'Works for complete or part construction and civil engineering work', 'fr': 'Travaux de construction complète ou partielle et travaux de génie civil', 'it': 'Lavori per la costruzione completa o parziale e ingegneria civile'}}		[{'code': '112', 'label': {'de': 'Rückbau', 'en': 'Deconstruction', 'fr': 'Déconstruction', 'it': 'Smontaggi, demolizioni'}}]				construction	execution	civil_engineering	de	1	0.7630574764826069	0.0
b16def1f-b60f-4d80-8316-630d60957a36	6ad2e8af-1454-45e5-ac97-a0f813ed840a	26605	26605-01	Primarschule, Ersatz Wärmeerzeugung	Für das Schulareal der Gemeinde Zwingen soll eine neue Wärmeerzeugeranlage installiert werden. Die neue Wärmeerzeugeranlage mit zwei identischen Grundwasserwärmepumpen wird im Technikraum im 2. Untergeschoss im bestehenden Technikraum installiert. Die Wärmeverteilung wird neu aufgebaut und an die bestehenden Leitungen angeschlossen. Der Öltankraum wird für die Energiespeicher umgenutzt. Die Grundwasserbrunnen sowie die Leitungen sind bereits bis ins 1. Untergeschoss vorbereitet.	2025-11-10	tender	tender	construction	Gemeinde Zwingen	BL	Zwingen	4222	CH	2025-12-05T16:00:00+01:00	open	without					"{'code': '45331100', 'label': {'de': 'Installation von Zentralheizungen', 'en': 'Central-heating installation work', 'fr': ""Travaux d'installation de chauffage central"", 'it': 'Lavori di installazione di impianti di riscaldamento centrale'}}"						construction	execution	structural_engineering	de	1	0.7598859444094048	0.0
23d3a10b-f45a-44ca-a280-ce60b4a9b557	46355e67-9291-431d-bdb4-6587115dbcbc	24965	24965-01	Sanierung Schulhaus Hintere Matten Trakt 2 und 3, 4107 Ettingen	Lieferung und Montage von neuen Verglasungen, Aussentüren und Schiebetüren, sowohl aus Alu- aber auch Stahlsystemen. Etappierte Gesamtsanierung von zwei Gebäuden.	2025-10-17	tender	tender	construction	Gemeinde Ettingen	BL	Ettingen	4107	CH	2025-11-20T00:00:00+01:00	open	without					{'code': '45000000', 'label': {'de': 'Bauarbeiten', 'en': 'Construction work', 'fr': 'Travaux de construction', 'it': 'Lavori di costruzione'}}		[{'code': '221.4', 'label': {'de': 'Fenster aus Aluminium', 'en': 'Aluminium windows', 'fr': 'Fenêtre en aluminium', 'it': 'Finestre di alluminio'}}, {'code': '221.6', 'label': {'de': 'Aussentüren, Tore aus Metall', 'en': 'External metal doors', 'fr': 'Portes extérieures en métal', 'it': 'Porte esterne, portoni di metallo'}}]				construction	execution	structural_engineering	de	1	0.7598005933425046	0.0
6be86356-744d-4083-98a5-28218d6b9576	185b77c2-1e5d-4d73-844a-45bd99024703	23866	23866-03	Beschaffung Saug- und Spülfahrzeug mit Wasseraufbereitung für Kanalreinigung	Beschaffung eines neuen Saug-/Spülfahrzeuges mit Wasseraufbereitung, inkl. Lieferung an den Erfüllungsort, betriebsbereite Übergabe sowie Grundschulung des Bedienpersonals und Zubehör gemäss Pflichtenheft.	2025-09-25	tender	tender	supply	Zentrale Beschaffungsstelle	BL	Liestal	4410	CH	2025-11-03T15:00:00+01:00	open	without					{'code': '34144500', 'label': {'de': 'Fahrzeuge für Abfall und Abwasser', 'en': 'Vehicles for refuse and sewage', 'fr': 'Véhicules pour ordures et eaux usées', 'it': 'Autoveicoli per il trasporto di rifiuti e acque residue'}}	[{'code': '34114000', 'label': {'de': 'Spezialfahrzeuge', 'en': 'Specialist vehicles', 'fr': 'Véhicules à usage spécial', 'it': 'Autovetture speciali'}}, {'code': '34144000', 'label': {'de': 'Kraftfahrzeuge für besondere Zwecke', 'en': 'Special-purpose motor vehicles', 'fr': 'Véhicules automobiles à usage spécifique', 'it': 'Autoveicoli per usi speciali'}}]					supply			de	1	0.7592289168846137	0.0
2cf39a1b-0352-49e9-b767-925b9cd72330	52b022dc-ef70-4df4-9d03-499ccdde75ca	23094	23094-01	EPM Binningen - BKP 230 Elektroanlagen	Ausführung von 230 Elektroanlagen: Neubau Schulhaus mit haustechnischen Anlagen. Anpassungsarbeiten im Bereich Bestandsbau.inkl. Lieferung der Leuchten sowie Installation Photovoltaikanlage	2025-10-18	tender	tender	construction	Bauabteilung Binningen	BL	Binningen	4102	CH	2025-11-28T16:00:00+01:00	open	without					"{'code': '45311000', 'label': {'de': 'Installation von Elektroanlagen', 'en': 'Electrical wiring and fitting work', 'fr': ""Travaux de câblage et d'installations électriques"", 'it': 'Lavori di cablaggio e di connessione elettrici'}}"		[{'code': '231.5', 'label': {'de': 'Energieerzeugungsanlagen', 'en': 'Energy production systems', 'fr': 'Equipements de production d’énergie électrique', 'it': 'Impianti per la produzione di energia'}}, {'code': '232', 'label': {'de': 'Starkstrominstallationen', 'en': 'Power wiring', 'fr': 'Installations à courant fort', 'it': 'Impianti a corrente forte'}}, {'code': '233', 'label': {'de': 'Leuchten und Lampen', 'en': 'Luminaires and lamps', 'fr': 'Luminaires', 'it': 'Apparecchi per illuminazione, lampade'}}]				construction	execution	structural_engineering	de	1	0.7550862980277322	0.0
1c8a8f9e-1010-49a7-b153-107c50173df5	e4a1e7d4-426d-4457-842c-8410df877090	22916	22916-01	Los Süd - L11 - Fahrbahnerneuerung Münchenstein – Reinach inkl. BehiG	Das Gesamtprojekt umfasst die Gleiserneuerung beider Gleise auf ca. 3.36 km Länge im Abschnitt zwischen den Bahnübergängen Schwertrainstrasse und  Habshagstrasse. Das Projekt wurde aufgrund der Grösse in zwei Lose aufgeteilt. Die Projektgrenze liegt bei Bahnkilometer 1.9 und teilt das Gesamtprojekt in den Abschnitt Nord (Los Nord, Länge ca. 1.63km) und Süd (Los Süd, Länge ca. 1,74 km) auf. Die Gleiserneuerung umfasst den Oberbau (Feste Fahrbahn anstelle Schottergleis) und Unterbau inkl. Werkleitungen, angrenzenden Strassenbau sowie die Gleisentwässerung. Ebenfalls wird das Betriebsgebäude in der Schlaufe Surbaum und Stöckackerstrasse sowie die gesamte Schlaufe Sur-baum inkl. Weichen im Zuge des Projekts neu erstellt. Zusätzlich werden parallel des Bahntrassees in der Strasse neue Werkleitungen und umfassende Kreuzungsumbauten der Knoten/Übergänge Gartenstadt und Loogstrasse mit dem Tiefbauamt BL realisiert.	2025-09-06	tender	tender	construction	Baselland Transport AG	BL	Münchenstein	4142	CH	2025-11-04T10:00:00+01:00	open	without					{'code': '45000000', 'label': {'de': 'Bauarbeiten', 'en': 'Construction work', 'fr': 'Travaux de construction', 'it': 'Lavori di costruzione'}}						construction	execution	civil_engineering	de	1	0.7504290614962235	0.0
da28a16b-0ab7-4226-a18f-60d1eed5227f	b1c43959-d6d1-48c3-ac4b-c4aa723ab722	23152	23152-01	EPM Binningen - BKP 201 Baugrubenaushub	Es handelt sich um die Baugrubenaushubarbeiten für den Erweiterungsbau einer Schule. Während der gesamten Bauzeit bleibt der Schulbetrieb in vollem Umfang erhalten.	2025-10-27	tender	tender	construction	Bauabteilung Binningen	BL	Binningen	4102	CH	2025-12-08T16:00:00+01:00	open	without					{'code': '45000000', 'label': {'de': 'Bauarbeiten', 'en': 'Construction work', 'fr': 'Travaux de construction', 'it': 'Lavori di costruzione'}}	[{'code': '45214200', 'label': {'de': 'Bauarbeiten für Schulgebäude', 'en': 'Construction work for school buildings', 'fr': 'Travaux de construction de bâtiments scolaires', 'it': 'Lavori di costruzione di edifici scolastici'}}]	[{'code': '201', 'label': {'de': 'Baugrubenaushub', 'en': 'Basement excavation', 'fr': 'Fouilles en pleine masse', 'it': 'Scavo generale'}}]				construction	execution	structural_engineering	de	1	0.7502918449275611	0.0
d9c22905-3487-4070-beae-d0c0697ec01e	ecd78abe-8bfa-4111-8fef-9fad27163043	24663	24663-01	Schulcampus Dorf - BKP 283.5 Deckenbekleidungen aus Kunststoffen, & dgl.	Beim vorliegenden Projekt handelt es sich um die Erweiterung des Schulcampus Dorf, Binnigen (SCD).Vom Untergeschoss bis und mit Bodenplatte Erdgeschoss wird der Rohbau als klassische Stützen- Plattenkonstruktion in Stahlbeton ausgeführt. Die Geschossen Erdgeschoss bis 2. Obergeschoss werden aus einer Holzbau-Konstruktion mit einer Holz-Beton-Verbunddecke gefertigt. Das Gebäude wird als Schulhaus genutzt.Diese Ausschreibung enthält folgende Arbeiten / Bauteile:Lieferung und Montagen von Deckenbekleidungen aus Kunststoffen, &amp; dgl.Deckenbekleidungen aus Akustikvlies	2025-10-27	tender	tender	construction	ARGE GP SCD - c/o Rapp AG	BL	Binningen	4102	CH	2025-12-08T16:00:00+01:00	open	without					{'code': '45210000', 'label': {'de': 'Bauleistungen im Hochbau', 'en': 'Building construction work', 'fr': 'Travaux de construction de bâtiments', 'it': 'Lavori generali di costruzione di edifici'}}		[{'code': '283.5', 'label': {'de': 'Deckenbekleidungen aus Kunststoffen, Textilien und dgl.', 'en': 'Synthetic and textile ceiling coverings and the like', 'fr': 'Faux-plafonds en matières synthétiques, en textiles, etc.', 'it': 'Controsoffitti in materiale sintetico, tessile e simili'}}]			[{'code': '652', 'label': {'de': 'Deckenbekleidungen aus Holz, Holzwerkstoffen, Mineralfasern', 'en': 'Wood, wood-based and mineral-fibre ceiling finishes', 'fr': 'Faux-plafonds en bois, dérivés du bois, fibres minérales', 'it': 'Controsoffitti di legno, suoi derivati e fibre minerali'}}]	construction	execution	structural_engineering	de	1	0.7460260638065426	0.0
8e5d8887-44bb-4834-8efe-76ffb8994931	b3bf3d48-d573-45d7-87d8-687f3801f756	22910	22910-01	Los Nord - L11 - Fahrbahnerneuerung Münchenstein – Reinach inkl. BehiG	Das Gesamtprojekt umfasst die Gleiserneuerung beider Gleise auf ca. 3.36 km Länge im Abschnitt zwischen den Bahnübergängen Schwertrainstrasse und  Habshagstrasse. Das Projekt wurde aufgrund der Grösse in zwei Lose aufgeteilt. Die Projektgrenze liegt bei Bahnkilometer 1.9 und teilt das Gesamtprojekt in den Abschnitt Nord (Los Nord, Länge ca. 1.63km) und Süd (Los Süd, Länge ca. 1,74 km) auf. Die Gleiserneuerung umfasst den Oberbau (Feste Fahrbahn anstelle Schottergleis) und Unterbau inkl. Werkleitungen, angrenzenden Strassenbau sowie die Gleisentwässerung. Ebenfalls wird das Betriebsgebäude in der Schlaufe Surbaum und Stöckackerstrasse sowie die gesamte Schlaufe Sur-baum inkl. Weichen im Zuge des Projekts neu erstellt. Zusätzlich werden parallel des Bahntrassees in der Strasse neue Werkleitungen und umfassende Kreuzungsumbauten der Knoten/Übergänge Gartenstadt und Loogstrasse mit dem Tiefbauamt BL realisiert.	2025-09-06	tender	tender	construction	Baselland Transport AG	BL	Münchenstein	4142	CH	2025-11-04T10:00:00+01:00	open	without					{'code': '45000000', 'label': {'de': 'Bauarbeiten', 'en': 'Construction work', 'fr': 'Travaux de construction', 'it': 'Lavori di costruzione'}}						construction	execution	civil_engineering	de	1	0.741379789937529	0.0
f3a8616b-ebb5-41bf-9782-e8e7f4ddaf0c	26e391ca-4b68-4f08-b573-d80a25631d93	23144	23144-01	EPM Binningen - BKP 240 Heizungsanlagen	Ausführung von 242 Heizungsanlagen: Neubau Schulhaus mit haustechnischen Anlagen, Anpassungsarbeiten im Bereich Bestandsbau	2025-10-17	tender	tender	construction	Bauabteilung Binningen	BL	Binningen	4102	CH	2025-11-27T16:00:00+01:00	open	without					"{'code': '45331000', 'label': {'de': 'Installation von Heizungs-, Lüftungs- und Klimaanlagen', 'en': 'Heating, ventilation and air-conditioning installation work', 'fr': ""Travaux d'installation de matériel de chauffage, de ventilation et de climatisation"", 'it': 'Lavori di installazione di impianti di riscaldamento, ventilazione e climatizzazione'}}"		[{'code': '242', 'label': {'de': 'Heizungsanlagen', 'en': 'Heating installations', 'fr': 'Installations de chauffage', 'it': 'Impianti di riscaldamento'}}]				construction	execution	structural_engineering	de	1	0.7378691829232245	0.0
c8621ed2-9969-4fa0-a2bd-0ec707d6c200	f1b7bcc5-6437-4791-b22d-5b6f30b9d7b2	23503	23503-01	Sanierung Schulhaus Hintere Matten Trakt 2 und 3, 4107 Ettingen	Verputzte mineralische Aussenwärmedämmungen an zwei bestehenden Gebäuden, im Rahmen einer etappierten Gesamtsanierung. Inklusive abgehängten Untersichtsverkleidungen und Innendämmungen im Schutzraum.	2025-09-19	tender	tender	construction	Gemeinde Ettingen	BL	Ettingen	4107	CH	2025-10-30T00:00:00+01:00	open	without					{'code': '45000000', 'label': {'de': 'Bauarbeiten', 'en': 'Construction work', 'fr': 'Travaux de construction', 'it': 'Lavori di costruzione'}}		[{'code': '226.2', 'label': {'de': 'Verputzte Aussenwärmedämmungen', 'en': 'External thermal insulation composite systems', 'fr': 'Isolations thermiques extérieures crépies', 'it': 'Isolamenti termici a cappotto'}}]				construction	execution	structural_engineering	de	1	0.7369838827621551	0.0
1eda4857-40c6-4bd4-8daf-fec259360b54	8cc20333-57e3-4bec-b174-733d963f4e74	26980	26980-02	EPM Binningen - BKP 112 Rückbau und Abbrucharbeiten	Rückbau bestehender Gebäude (alte Turnhalle) mit möglichen Gebäudeschadstoffen, Gebäudeteile und Aussenanlagen,	2025-11-27	tender	tender	construction	Bauabteilung Binningen	BL	Binningen	4102	CH	2026-01-09T16:00:00+01:00	open	without					{'code': '45000000', 'label': {'de': 'Bauarbeiten', 'en': 'Construction work', 'fr': 'Travaux de construction', 'it': 'Lavori di costruzione'}}	[{'code': '45111100', 'label': {'de': 'Abbrucharbeiten', 'en': 'Demolition work', 'fr': 'Travaux de démolition', 'it': 'Lavori di demolizione'}}]	[{'code': '112', 'label': {'de': 'Rückbau', 'en': 'Deconstruction', 'fr': 'Déconstruction', 'it': 'Smontaggi, demolizioni'}}, {'code': '113', 'label': {'de': 'Sanierung Altlasten', 'en': 'Site remediation', 'fr': 'Assainissement de sites contaminés', 'it': 'Risanamento di siti contaminati'}}]				construction	execution	structural_engineering	de	1	0.735936023333271	0.0
24ee60b8-8cf1-4aaf-b38e-940b3d5c33e9	1616f219-20bb-417b-a61b-42b53f39b3c8	27025	27025-01	ABC-Deko Container	"Lieferung eines ""ABC-Dekontaminations-Containers""."	2025-11-20	tender	tender	supply	Zentrale Beschaffungsstelle Kanton Basel-Landschaft	BL	Liestal	4410	CH	2026-02-02T15:00:00+01:00	open	without					"{'code': '35000000', 'label': {'de': 'Ausrüstung für Sicherheitszwecke, Brandbekämpfung, Polizei und Verteidigung', 'en': 'Security, fire-fighting, police and defence equipment', 'fr': ""Équipement de sécurité, de lutte contre l'incendie, de police et de défense"", 'it': 'Attrezzature di sicurezza, antincendio, per la polizia e di difesa'}}"						supply			de	1	0.734913208927686	0.0
64745f87-1af8-4017-a74e-95872e471385	7cf8e61c-3a74-4113-98a3-c1b3e56399f2	24955	24955-01	Sanierung Schulhaus Hintere Matten Trakt 2 und 3, 4107 Ettingen	Einbau von neuen kontrollierten Lüftungsanlagen im Rahmen einer etappierten Gesamtsanierung von zwei Gebäuden. Hauptlüftungen mit aussen aufgestellten Lüftungsgeräten, Kellerlüftungen mit separaten Kleingeräten, Klimagerät für Elektroraum	2025-10-10	tender	tender	construction	Gemeinde Ettingen	BL	Ettingen	4107	CH	2025-11-20T00:00:00+01:00	open	without					{'code': '45000000', 'label': {'de': 'Bauarbeiten', 'en': 'Construction work', 'fr': 'Travaux de construction', 'it': 'Lavori di costruzione'}}		"[{'code': '244', 'label': {'de': 'Lufttechnische Anlagen', 'en': 'Ventilation and air-conditioning installations', 'fr': ""Installations de ventilation et de conditionnement d'air"", 'it': 'Impianti di ventilazione'}}]"				construction	execution	structural_engineering	de	1	0.7318537619088157	0.0
efbe8db2-4026-40c4-bdda-54d81acd0dc9	dad1c4c6-1ddb-449f-9554-6c747d12441a	23049	23049-01	Internetzugänge für Rechenzentrum und DDoS-Schutz	«Internetzugänge für Rechenzentren und DDoS-Schutz» für 5 Jahre.	2025-09-19	tender	tender	supply	Zentrale Beschaffungsstelle Kanton Basel-Landschaft	BL	Liestal	4410	CH	2025-10-31T15:00:00+01:00	open	without					"{'code': '72000000', 'label': {'de': 'IT-Dienste: Beratung, Software-Entwicklung, Internet und Hilfestellung', 'en': 'IT services: consulting, software development, Internet and support', 'fr': ""Services de technologies de l'information, conseil, développement de logiciels, internet et appui"", 'it': 'Servizi informatici: consulenza, sviluppo di software, Internet e supporto'}}"						supply			de	1	0.724330261570565	0.0
812b0f73-b598-4d1a-938a-798bb6479920	a2664d4d-0093-4e26-8493-2e54bb25d19b	24919	24919-01	Füllinsdorf, Sanierung Ergolzstrasse	Die Baustelle befindet sich in den Schutzzonen S2 und S3 Die Ausschreibung umfasst:Komplette Erneuerung und Neugestaltung der Strasse Bau eines neuen Sauberwasserkanals, L= 580mErsatz der best. Wasserleitung, L = 900mErneuerung der bestehenden IWB Niederdruck- und Hochdruckleitungen, L= 900mAusbau Fernwärmeleitung, L = 360mErsatz EBL Leerrohr-Rohrblock für Nieder-, Mittel- und Hochspannung	2025-10-09	tender	tender	construction	Einwohnergemeinde Füllinsdorf	BL	Füllinsdorf	4410	CH	2025-10-24T11:00:00+02:00	open	without					{'code': '45221250', 'label': {'de': 'Tiefbauarbeiten, ausser Tunneln, Schächten und Unterführungen', 'en': 'Underground work other than tunnels, shafts and subways', 'fr': 'Ouvrages souterrains autres que tunnels, puits et passages souterrains', 'it': 'Lavori in sotterraneo, esclusi gallerie, pozzi e sottopassaggi'}}		"[{'code': '211', 'label': {'de': 'Baumeisterarbeiten', 'en': ""Builder's work"", 'fr': ""Travaux de l'entreprise de maçonnerie"", 'it': 'Opere da impresario costruttore'}}]"				construction	execution	civil_engineering	de	1	0.7183676287669495	0.0
e85ebb3b-0150-4dc8-b684-e1dc2b009c60	ac663490-b9a9-4b60-bce7-447000e21db9	24099	24099-01	Werkleitungsbau Talholzstrasse Bottmingen	Ersatz Trinkwasser-Transitleitung WWRU Talholzstrasse Therwilerstrasse – Eugstlerweg und weitere Werkleitungen. Strassenbau inkl. Entwässerung und Randabschlüsse Walchenhüsliweg –&nbsp;Chnebelackerweg, Kanalisation Walchenhüsliweg – Chnebelackerweg. Erweiterung Wasserversorgung Gemeinde Bottmingen / Neueinbindung&nbsp;WWRU-Netz / Hausanschlüsse in offener und grabenloser AusführungErweiterung Elektrizitätsnetz und Teilersatz öffentliche BeleuchtungErneuerung Gas-Niederdruckleitung Therwilerstrasse – Lerchenstrasse / Er-neuerung Hausanschlüsse in offener und grabenloser Ausführung&nbsp;	2025-09-29	tender	tender	construction	Wasserwerk Reinach und Umgebung, WWR&U (AeBo)	BL	Bottmingen	4103	CH	2025-10-20T14:00:00+02:00	open	without					{'code': '45221250', 'label': {'de': 'Tiefbauarbeiten, ausser Tunneln, Schächten und Unterführungen', 'en': 'Underground work other than tunnels, shafts and subways', 'fr': 'Ouvrages souterrains autres que tunnels, puits et passages souterrains', 'it': 'Lavori in sotterraneo, esclusi gallerie, pozzi e sottopassaggi'}}					[{'code': '111', 'label': {'de': 'Regiearbeiten', 'en': 'Daywork', 'fr': 'Travaux en régie', 'it': 'Lavori a regia'}}, {'code': '113', 'label': {'de': 'Baustelleneinrichtung', 'en': 'Site establishment', 'fr': 'Installations de chantier', 'it': 'Impianto di cantiere'}}, {'code': '117', 'label': {'de': 'Abbrüche und Demontagen', 'en': 'Demolition and dismantling', 'fr': 'Démolitions et démontages', 'it': 'Demolizioni e smontaggi'}}, {'code': '151', 'label': {'de': 'Bauarbeiten für Werkleitungen', 'en': 'Construction works for utility mains', 'fr': 'Constructions de réseaux enterrés', 'it': 'Lavori per condotte interrate'}}, {'code': '211', 'label': {'de': 'Baugruben und Erdbau', 'en': 'Excavation and earthworks', 'fr': 'Fouilles et terrassements', 'it': 'Fosse di scavo e movimenti di terra'}}, {'code': '221', 'label': {'de': 'Fundationsschichten für Verkehrsanlagen', 'en': 'Sub-bases for transport routes', 'fr': 'Couches de fondation pour surfaces de circulation', 'it': 'Strati di fondazione'}}, {'code': '222', 'label': {'de': 'Abschlüsse, Pflästerungen, Plattendecken und Treppen', 'en': 'Segmental (sett, block and flag) paving, kerbing and steps', 'fr': 'Bordures, pavages, dallages et escaliers', 'it': 'Delimitazioni, selciati, lastricati e scale'}}, {'code': '223', 'label': {'de': 'Belagsarbeiten', 'en': 'Asphalt and concrete pavements', 'fr': 'Chaussées et revêtements', 'it': 'Pavimentazioni'}}, {'code': '237', 'label': {'de': 'Kanalisationen und Entwässerungen', 'en': 'Drainage and sewer systems', 'fr': 'Canalisations et évacuation des eaux', 'it': 'Canalizzazioni e opere di prosciugamento'}}]	construction	execution	civil_engineering	de	1	0.713580768802118	0.0
14ebfd70-33c4-4a23-9380-8b7dcb44aad9	01d6c9f4-0645-4122-9d0f-0624d4ca54a8	24968	24968-01	Sanierung Schulhaus Hintere Matten Trakt 2 und 3, 4107 Ettingen	Neue extensiv begrünte Flachdächer an zwei bestehenden Gebäuden, im Rahmen einer etappierten Gesamtsanierung. Abdichtungen mit Kunststofffolien. Inklusive Absturzsicherungssystem mit Reling. PV-Anlagen bauseits.	2025-10-10	tender	tender	construction	Gemeinde Ettingen	BL	Ettingen	4107	CH	2025-11-20T00:00:00+01:00	open	without					{'code': '45000000', 'label': {'de': 'Bauarbeiten', 'en': 'Construction work', 'fr': 'Travaux de construction', 'it': 'Lavori di costruzione'}}		"[{'code': '224.1', 'label': {'de': 'Dichtungsbeläge Flachdächer', 'en': 'Flat roof coverings/membranes', 'fr': ""Couches d'étanchéité toitures plates"", 'it': 'Impermeabilizzazione di tetti piani'}}]"				construction	execution	structural_engineering	de	1	0.7103547141194788	0.0
98ee1a31-251c-47f0-b601-5082b2f9ffe4	1230803f-02fd-45bc-bf57-75bfec867409	25236	25236-01	Beschaffung UEM - Unified Endpoint Management Lösung	Beschaffung UEM – Unified Endpoint Management Lösung	2025-10-17	tender	tender	service	Zentrale Beschaffungsstelle Kanton Basel-Landschaft	BL	Liestal	4410	CH	2025-12-09T15:00:00+01:00	open	without					"{'code': '72000000', 'label': {'de': 'IT-Dienste: Beratung, Software-Entwicklung, Internet und Hilfestellung', 'en': 'IT services: consulting, software development, Internet and support', 'fr': ""Services de technologies de l'information, conseil, développement de logiciels, internet et appui"", 'it': 'Servizi informatici: consulenza, sviluppo di software, Internet e supporto'}}"						service			de	1	0.7047704207321929	0.0
96c571bc-22bf-49d2-8625-600cacff22cb	7cf9c26b-c893-466d-8efc-3ea6519d4c9a	23826	23826-01	Instandstellung Leimenweg	Am Leimenweg werden folgende Arbeiten ausgeführt:Ersatz Trinkwasserleitung, L =311mNeubau Sauberabwasserleitung, L = ca. 120mKomplettersatz Strassenkörper, A = ca. 2'000m2Neubau Elektrotrassee, L = ca. 306m	2025-10-02	tender	tender	construction	Gemeinde Lupsingen	BL	Lupsingen	4419	CH	2025-11-05T11:00:00+01:00	open	without					{'code': '45000000', 'label': {'de': 'Bauarbeiten', 'en': 'Construction work', 'fr': 'Travaux de construction', 'it': 'Lavori di costruzione'}}					[{'code': '111', 'label': {'de': 'Regiearbeiten', 'en': 'Daywork', 'fr': 'Travaux en régie', 'it': 'Lavori a regia'}}, {'code': '112', 'label': {'de': 'Prüfungen', 'en': 'Testing and inspection', 'fr': 'Essais', 'it': 'Prove'}}, {'code': '113', 'label': {'de': 'Baustelleneinrichtung', 'en': 'Site establishment', 'fr': 'Installations de chantier', 'it': 'Impianto di cantiere'}}, {'code': '116', 'label': {'de': 'Holzen und Roden', 'en': 'Felling and site clearance', 'fr': 'Coupes de bois et défrichements', 'it': 'Taglio alberi e dissodamenti'}}, {'code': '117', 'label': {'de': 'Abbrüche und Demontagen', 'en': 'Demolition and dismantling', 'fr': 'Démolitions et démontages', 'it': 'Demolizioni e smontaggi'}}, {'code': '151', 'label': {'de': 'Bauarbeiten für Werkleitungen', 'en': 'Construction works for utility mains', 'fr': 'Constructions de réseaux enterrés', 'it': 'Lavori per condotte interrate'}}, {'code': '211', 'label': {'de': 'Baugruben und Erdbau', 'en': 'Excavation and earthworks', 'fr': 'Fouilles et terrassements', 'it': 'Fosse di scavo e movimenti di terra'}}, {'code': '221', 'label': {'de': 'Fundationsschichten für Verkehrsanlagen', 'en': 'Sub-bases for transport routes', 'fr': 'Couches de fondation pour surfaces de circulation', 'it': 'Strati di fondazione'}}, {'code': '222', 'label': {'de': 'Abschlüsse, Pflästerungen, Plattendecken und Treppen', 'en': 'Segmental (sett, block and flag) paving, kerbing and steps', 'fr': 'Bordures, pavages, dallages et escaliers', 'it': 'Delimitazioni, selciati, lastricati e scale'}}, {'code': '223', 'label': {'de': 'Belagsarbeiten', 'en': 'Asphalt and concrete pavements', 'fr': 'Chaussées et revêtements', 'it': 'Pavimentazioni'}}, {'code': '237', 'label': {'de': 'Kanalisationen und Entwässerungen', 'en': 'Drainage and sewer systems', 'fr': 'Canalisations et évacuation des eaux', 'it': 'Canalizzazioni e opere di prosciugamento'}}]	construction	execution	civil_engineering	de	1	0.7007753846081852	0.0
95112c83-44db-4bf2-bd34-d7d96b673771	3fd6b0c1-9be2-4fb7-a287-56528389b403	25824	25824-01	Architekturleistungen für Sanierung und Erweiterung Haus Sonnmatt	Architektur- und Baumanagementleistungen für einen Erweiterungsbau und die Bestandssanierung vom Haus Sonnmatt in Langenbruck, einer Wohneinrichtung für Menschen mit Behinderungen	2025-11-06	tender	tender	construction	Stiftung Inlumine (Planconsult W+B AG)	BL	Langenbruck	4438	CH	2025-12-15T17:00:00+01:00	open	without					"{'code': '71200000', 'label': {'de': 'Dienstleistungen von Architekturbüros', 'en': 'Architectural and related services', 'fr': ""Services d'architecture"", 'it': 'Servizi architettonici e servizi affini'}}"	"[{'code': '71240000', 'label': {'de': 'Dienstleistungen von Architektur- und Ingenieurbüros sowie planungsbezogene Leistungen', 'en': 'Architectural, engineering and planning services', 'fr': ""Services d'architecture, d'ingénierie et de planification"", 'it': 'Servizi architettonici, di ingegneria e pianificazione'}}]"	[{'code': '29', 'label': {'de': 'Honorare', 'en': 'Professional fees', 'fr': 'Honoraires', 'it': 'Onorari'}}]				construction	planning_and_execution	structural_engineering	de	1	0.6946356288086469	0.0
39528a69-a758-4c73-ae93-506193036d83	93b54a53-9333-4a01-b785-d6af86300e3f	26531	26531-01	Fahrpersonal für Ersatzverkehr BLT-Linien 11/12 (Basel Dreispitz - Aesch Dorf)	Die Leistung umfasst die Bereitstellung von bis zu 25 geeigneten Chauffeuren/Chauffeusen im Busbereich durch ein Dienstleistungsunternehmen im Sinne eines Personalverleihers, welches die BLT Baselland Transport AG im Rahmen der Ersatzverkehrsleistungen für die Tramlinien 11 und 12 unterstützt.	2025-11-06	tender	tender	service	BLT Baselland Transport AG	BL	Oberwil BL	4104	CH	2025-12-19T14:00:00+01:00	open	without					{'code': '79620000', 'label': {'de': 'Überlassung von Personal einschliesslich Zeitarbeitskräfte', 'en': 'Supply services of personnel including temporary staff', 'fr': 'Services de mise à disposition de personnel, y compris de personnel temporaire', 'it': 'Servizi di fornitura di personale, compreso personale temporaneo'}}						service			de	1	0.6939912155678368	0.0
37b31fa2-b337-4fb2-b4b4-4ef448e4a118	7a29b90c-5249-4536-ae9a-1ab3991f2094	24071	24071-01	Business Laptops	"Business Laptops (14"" und 16""):2025: 170 Laptops2026:	100 Laptops Option auf weitere 50"	2025-09-30	tender	tender	supply	Kantonsspital Baselland	BL	Bruderholz	4101	CH	2025-11-10T12:00:00+01:00	open	without					{'code': '30213100', 'label': {'de': 'Tragbare Computer', 'en': 'Portable computers', 'fr': 'Ordinateurs portables', 'it': 'Computer portatili'}}						supply			de	1	0.6912322150170864	0.0
176ff437-ca3e-4aab-9ee6-0724e18679b1	5bb8e9b4-77b8-4cae-837a-36370f82f84c	24114	24114-01	Ausschreibung BKP 221.1 Fenster aus Holzmetall, 4414 Füllinsdorf	Fenster aus Holz-Metall gemäss Leistungsverzeichnis für den Neubau eines zweigeschossigen Primarschulgebäudes.	2025-10-02	tender	tender	construction	Gemeinde Füllinsdorf (Schwob, Sutter, Architekten AG)	BL	Füllinsdorf	4414	CH	2025-10-30T13:00:00+01:00	open	without					{'code': '45210000', 'label': {'de': 'Bauleistungen im Hochbau', 'en': 'Building construction work', 'fr': 'Travaux de construction de bâtiments', 'it': 'Lavori generali di costruzione di edifici'}}	"[{'code': '45421100', 'label': {'de': 'Einbau von Türen und Fenstern sowie Zubehör', 'en': 'Installation of doors and windows and related components', 'fr': ""Pose de portes et de fenêtres et d'éléments accessoires"", 'it': 'Installazione di porte, finestre e componenti connesse'}}]"	[{'code': '221.1', 'label': {'de': 'Fenster aus Holz-Metall', 'en': 'Timber/metal windows', 'fr': 'Fenêtre en bois-métal', 'it': 'Finestre di legno/metallo'}}]			[{'code': '371', 'label': {'de': 'Fenster und Fenstertüren', 'en': 'Windows and French doors', 'fr': 'Fenêtres et portes-fenêtres', 'it': 'Finestre'}}]	construction	execution	structural_engineering	de	1	0.6825011387800185	0.0
9305d375-b996-4846-95c7-50609a08a4f2	3174538d-025b-427b-8ae3-386350299452	24397	24397-01	Erneuerung Kunstrasen Sportplatz Känelboden	Rückbau und Entsorgung alter Kunstrasen (hoch verfüllt), Lieferung und Einbau neuer Kunstrasen (unverfüllt)	2025-10-06	tender	tender	construction	Einwohnergemeinde Therwil	BL	Therwil	4106	CH	2025-11-07T12:00:00+01:00	open	without					{'code': '45000000', 'label': {'de': 'Bauarbeiten', 'en': 'Construction work', 'fr': 'Travaux de construction', 'it': 'Lavori di costruzione'}}						construction	execution	civil_engineering	de	1	0.6811141919284043	0.0
edec76d1-0f76-45cf-9dd5-0cc7c6adb3fc	10c8016e-2ce4-4ea5-8c99-2740e1b64518	26458	26458-01	Kreditorenworkflow Kanton BL (KWF BL)	Aktuell erfolgt die Bearbeitung und Freigabe von Kreditorenbelegen (nachfolgend «Kreditorenworkflow – KWF BL» genannt) mittels einer SAP-Eigenentwicklung. Diese wurde ab 2012 etappenweise beim Kanton Basel-Landschaft eingeführt und danach entsprechend den Bedürfnissen der einzelnen Direktionen und deren Fachbereiche laufend ausgebaut und angepasst.Mit rund 2'000&nbsp;Benutzenden und einem Rechnungsvolumen von über 100'000&nbsp;Belegen pro Jahr ist der KWF&nbsp;BL ein etabliertes Werkzeug; die Verarbeitung aller Kreditorenrechnungen ist einer der zentralen Prozesse im Kanton Basel-Landschaft.	2025-11-17	tender	tender	service	Zentrale Beschaffungsstelle Kanton Basel-Landschaft	BL	Liestal	4410	CH	2026-02-11T15:00:00+01:00	open	without					"{'code': '72000000', 'label': {'de': 'IT-Dienste: Beratung, Software-Entwicklung, Internet und Hilfestellung', 'en': 'IT services: consulting, software development, Internet and support', 'fr': ""Services de technologies de l'information, conseil, développement de logiciels, internet et appui"", 'it': 'Servizi informatici: consulenza, sviluppo di software, Internet e supporto'}}"	"[{'code': '48000000', 'label': {'de': 'Softwarepaket und Informationssysteme', 'en': 'Software package and information systems', 'fr': ""Logiciels et systèmes d'information"", 'it': 'Pacchetti software e sistemi di informazione'}}]"					service			de	1	0.674029588574485	0.0
25e40786-08c0-40c4-89a8-c12f87cb6445	50dfd82f-b0bd-47d5-8673-d835becb60b4	23892	23892-01	Sissach - Chienbergtunnel Hebungszone West UMa26	Bauliche Unterhaltsmassnahmen in der Hebungszone West des Chienbergtunnels	2025-09-23	tender	tender	construction	Zentrale Beschaffungsstelle Kanton Basel-Landschaft	BL	Sissach	4450	CH	2025-11-05T15:00:00+01:00	open	without					{'code': '45200000', 'label': {'de': 'Komplett- oder Teilbauleistungen im Hochbau sowie Tiefbauarbeiten', 'en': 'Works for complete or part construction and civil engineering work', 'fr': 'Travaux de construction complète ou partielle et travaux de génie civil', 'it': 'Lavori per la costruzione completa o parziale e ingegneria civile'}}	[{'code': '45221200', 'label': {'de': 'Bauarbeiten für Tunnel, Schächte und Unterführungen', 'en': 'Construction work for tunnels, shafts and subways', 'fr': 'Travaux de construction de tunnels, de puits et de passages souterrains', 'it': 'Lavori di costruzione di gallerie, pozzi e sottopassaggi'}}]					construction	execution	civil_engineering	de	1	0.6725393204109482	0.0
3de9cc17-122a-490f-9a19-87eb60516be3	781db0df-3097-4a48-aa48-3c7735810627	24876	24876-01	Hegenheimermattweg (Süd), Abschnitt Burgfeldermattweg bis Grabenring, Strassensanierung und Werkleitungsarbeiten	Der Hegenheimermattweg Süd ist eine 280m lange Verbindungsstrasse zwischen der Hegenheimerstrasse und dem Grabenring, an welchem er über einen Kreisel angeschlossen ist. Aufgrund der ungünstigen Auslegung der Verkehrsflächen werden diese im gesamten Projektperimeter optimiert. Die Strasse, welche im Einbahnregime betrieben wird und über welche eine kantonale Radroute im Gegenverkehr führt, ist teilweise schmal. Altersbedingt ist zudem im gesamten Perimeter der Strassenoberbau (Belag und Koffer) mitsamt den Randabschlüssen zu ersetzen. Diverse Werke werden ihre Leitungsnetze erneuern oder ergänzen.	2025-10-10	tender	tender	construction	Einwohnergemeinde Allschwil	BL	Allschwil	4123	CH	2025-11-17T11:30:00+01:00	open	without					{'code': '45233120', 'label': {'de': 'Strassenbauarbeiten', 'en': 'Road construction works', 'fr': 'Travaux de construction de routes', 'it': 'Lavori di costruzione di strade'}}						construction	execution	civil_engineering	de	1	0.6683212933972447	0.0
f2d49f9c-7724-453d-9350-86f1e617425e	d9b919be-5861-4afc-9cf5-07136f8302f5	22531	22531-01	Heizungssanierung Gemeindeverwaltung und Werkhof Pfeffingen	Für die gemeindeeigenen Gebäude Gemeindeverwaltung und Werkhof der Gemeinde Pfeffingen sind zwei Wärmepumpenanlagen im Rahmen der Umstellung der bestehenden Wärmeerzeugung von Gas auf erneuerbare Energien zu errichten sowie die bestehenden zentralen Wärmeverteilungen zu erneuern.	2025-08-29	tender	tender	construction	Einwohnergemeinde Pfeffingen	BL	Pfeffingen	4148	CH	2025-10-09T14:30:00+02:00	open	without					"{'code': '45331000', 'label': {'de': 'Installation von Heizungs-, Lüftungs- und Klimaanlagen', 'en': 'Heating, ventilation and air-conditioning installation work', 'fr': ""Travaux d'installation de matériel de chauffage, de ventilation et de climatisation"", 'it': 'Lavori di installazione di impianti di riscaldamento, ventilazione e climatizzazione'}}"	[{'code': '42511110', 'label': {'de': 'Wärmepumpen', 'en': 'Heat pumps', 'fr': 'Pompes à chaleur', 'it': 'Pompe di calore'}}]	[{'code': '242', 'label': {'de': 'Heizungsanlagen', 'en': 'Heating installations', 'fr': 'Installations de chauffage', 'it': 'Impianti di riscaldamento'}}, {'code': '342', 'label': {'de': 'Heizungsanlagen', 'en': 'Heating installations', 'fr': 'Installations de chauffage', 'it': 'Impianti di riscaldamento'}}]				construction	execution	structural_engineering	de	1	0.6635132624054562	0.0
f7622520-48c4-4f09-b5c6-f4f7b0f24d91	69b702c6-2465-42af-91ff-6f3c1b83d9f4	24251	24251-01	BKP 214 Holzbauarbeiten Grellingen	Holzbau- und Dachdeckerarbeiten	2025-09-27	tender	tender	construction	Einwohnergemeinde Grellingen	BL	Grellingen	4203	CH	2025-10-31T18:00:00+01:00	open	without					{'code': '45000000', 'label': {'de': 'Bauarbeiten', 'en': 'Construction work', 'fr': 'Travaux de construction', 'it': 'Lavori di costruzione'}}		[{'code': '214', 'label': {'de': 'Montagebau in Holz', 'en': 'Prefabricated timber construction', 'fr': 'Construction en bois', 'it': 'Costruzioni di legno'}}]			[{'code': '330', 'label': {'de': 'Zimmerarbeiten', 'en': 'Carpentry', 'fr': 'Charpenterie', 'it': 'Costruzioni in legno'}}]	construction	execution	structural_engineering	de	1	0.6548346115462166	0.0
88cb94a8-916b-457d-8f6e-886144980df8	a426926b-c6b0-4975-8f07-ca531ad5c409	22475	22475-02	PBL Haus B BKP 287 Baureinigung	Gemäss den Ausschreibungsunterlagen.	2025-09-20	tender	tender	construction	Psychiatrie Baselland	BL	Liestal	4410	CH	2025-10-09T10:00:00+02:00	open	without					{'code': '45210000', 'label': {'de': 'Bauleistungen im Hochbau', 'en': 'Building construction work', 'fr': 'Travaux de construction de bâtiments', 'it': 'Lavori generali di costruzione di edifici'}}		[{'code': '287', 'label': {'de': 'Baureinigung', 'en': 'Building cleaning', 'fr': 'Nettoyage du bâtiment', 'it': 'Pulizia dell’edificio'}}]				construction	planning_and_execution	structural_engineering	de	1	0.6092390659035747	0.0
